,city
Pittsburgh,47843
Philadelphia,38842
Washington,35990
Baltimore,22402
Alexandria,15067
Brooklyn,13489
New York City,12077
Boston,11490
Silver Spring,9283
Bronx,9241
Arlington,9044
Newark,9011
Lancaster,8007
Springfield,7741
Staten Island,7470
Wilmington,7233
Albany,7132
Jamaica,6710
Rochester,5626
Syracuse,5403
Middletown,5322
Upper Marlboro,5223
Bethesda,5183
Hyattsville,4990
Greensburg,4979
Reading,4948
Buffalo,4810
Rockville,4784
Bowie,4634
Troy,4552
Paterson,4502
Johnstown,4430
Falls Church,4346
Kingston,4330
Capitol Heights,4276
Uniontown,4218
Schenectady,4139
Laurel,4122
Flushing,4097
Frederick,3976
York,3941
Bethlehem,3761
McKeesport,3747
Colonie,3713
Binghamton,3709
New Castle,3709
Columbia,3684
Irwin,3640
Providence,3564
Fairfax,3527
Manchester,3510
Canonsburg,3393
Woodbridge,3344
Vienna,3294
Hagerstown,3289
Morgantown,3250
McLean,3235
Fort Washington,3157
Gaithersburg,3127
Hartford,3075
Worcester,3072
Clinton,3023
Waldorf,3023
Cumberland,2995
Jersey City,2978
Potomac,2965
Dover,2959
West Chester,2828
Waterbury,2720
Bristol,2714
Hanover,2714
Watertown,2704
Downingtown,2684
Pottstown,2646
Allentown,2623
Poughkeepsie,2614
Temple Hills,2573
Yonkers,2537
Toms River,2532
State College,2520
Warwick,2483
Monroe,2478
Bloomfield,2461
Monroeville,2452
Harrisburg,2426
District Heights,2385
Newton,2336
Elmira,2317
Clifton,2307
Newburgh,2307
Indiana,2269
Pittsfield,2268
San Juan,2265
Jeannette,2262
Erie,2262
East Orange,2257
Lebanon,2222
Saugerties,2218
Ellicott City,2210
Germantown,2198
Coatesville,2195
Norristown,2189
Auburn,2173
Annandale,2167
Wayne,2162
Chester,2139
Norwich,2135
Cambridge,2117
Winchester,2076
Rome,2068
Windham,2050
New Kensington,2027
Latrobe,2013
Annapolis,1985
Vernon,1974
Chambersburg,1973
Hamilton,1972
Utica,1956
Trenton,1953
Pottsville,1936
Endicott,1929
Milford,1898
West Mifflin,1892
Burlington,1885
Coraopolis,1880
Verona,1873
Youngstown,1870
Belle Vernon,1853
Ithaca,1849
Hudson,1841
Lititz,1827
Salisbury,1802
Fredericksburg,1798
East Stroudsburg,1796
Montclair,1785
Irvington,1777
Bethel Park,1771
Bayside,1767
Woodstock,1759
Catskill,1759
Burke,1738
Butler,1719
Woonsocket,1716
Scranton,1713
Owings Mills,1712
Lansdale,1702
Franklin,1699
Oxford,1692
Kensington,1687
Cranston,1663
Pawtucket,1656
Greenwich,1652
Punxsutawney,1643
Stamford,1632
New Britain,1628
Milton,1623
West Hartford,1618
Elizabeth,1617
Homestead,1616
Glen Burnie,1606
Clairton,1606
Somerville,1604
Connellsville,1585
Stafford,1583
Enfield,1571
White Plains,1569
Belleville,1565
Charleroi,1564
Westfield,1542
Medford,1527
Millville,1524
Suitland,1505
California,1485
Ozone Park,1480
Quakertown,1474
Wilton,1473
Lanham,1456
Randolph,1450
Union Twp,1442
West Orange,1430
East Greenbush,1428
Windsor,1422
East Hartford,1412
Torrington,1410
Easton,1392
Hunter,1389
South Ozone Park,1386
Bayamon,1385
Bel Air,1384
Monessen,1378
McKees Rocks,1373
Salem,1363
Bridgeville,1361
Amherst,1361
Liverpool,1349
Doylestown,1346
Scarsdale,1341
Bridgeport,1341
Queens Village,1341
Brick,1332
Jackson,1324
Coventry,1323
Hamburg,1309
Camden,1309
Leesburg,1308
Saint Albans,1298
Chevy Chase,1294
Elkton,1294
North Providence,1293
Pasadena,1292
Collegeville,1289
Valley Stream,1289
Aliquippa,1281
Greenville,1280
Vineland,1271
Glendale,1267
Mount Vernon,1260
Plainfield,1256
Portland,1255
Clarksburg,1254
Meriden,1245
Sterling,1241
Clifton Park,1226
Plymouth,1222
Southampton,1219
Mechanicsburg,1217
Media,1215
West Milford,1207
Wappingers Falls,1205
Corona,1199
Nutley,1198
Phoenixville,1198
Berlin,1197
East Elmhurst,1195
Danville,1193
Stewartstown,1182
Saratoga Springs,1180
Manassas,1174
Madison,1173
Westminster,1170
North Bergen,1166
College Point,1165
Ridgefield,1155
Jamestown,1154
Ambler,1145
Front Royal,1144
Newtown Square,1136
Oxon Hill,1127
Fairfield,1125
Williamstown,1124
Sewickley,1124
Malvern,1120
Ridgewood,1113
Mount Pleasant,1112
North Greenbush,1109
Murrysville,1104
Parkville,1103
Beacon,1102
Howard Beach,1099
Freeport,1094
Essex,1092
Brockton,1091
Brunswick,1090
Waterford,1089
New Milford,1088
Venetia,1083
Cheektowaga,1080
Elizabeth City,1080
Barre,1080
Guaynabo,1077
Odenton,1075
North East,1075
Lake Ariel,1073
Ocean City,1073
Richmond Hill,1070
College Park,1068
Sharon,1065
Athens,1059
Carlisle,1053
Culpeper,1052
Edison,1049
Elmont,1045
Farmington,1043
Reston,1031
Vestal,1029
Dumfries,1029
Dundalk,1026
Ashburn,1026
Great Neck,1024
Johnson City,1024
East Brunswick,1019
Cairo,1016
Edgewater,1013
Pennsville,1011
Beaver Falls,1009
Altoona,1005
Scottdale,999
New Rochelle,999
Upper Darby,995
New Windsor,994
Rensselaer,993
Passaic,991
Monongahela,989
Reisterstown,987
Tobyhanna,987
Egg Harbor Township,985
Fayetteville,984
Rosedale,982
Gibsonia,982
Avon,980
Riverdale,979
La Plata,977
Martinsburg,976
Halfmoon,976
Lincoln,975
Drexel Hill,975
Woodhaven,974
Bear,973
Lorton,967
Ligonier,964
Lakewood,964
Ballston Lake,963
Cohoes,961
Haverhill,960
Stroudsburg,958
Waynesboro,955
Canton,954
Baldwinsville,953
Astoria,949
Oceanside,948
Fresh Meadows,947
Mount Airy,947
Bellefonte,945
Red Lion,943
Levittown,941
Harleysville,939
Kittanning,937
Carnegie,931
Northampton,927
Oil City,926
Mars,925
Orange,923
Lutherville Timonium,923
Mansfield,922
Simsbury,919
Warren,916
Smyrna,908
Oakland,904
Herndon,904
Groton,902
Chalfont,899
Lynn,898
Middle River,897
Brownsville,895
Hopatcong,894
Cortlandt Manor,893
Linden,892
Brentwood,892
Chicopee,891
West Seneca,888
Pleasantville,887
Great Falls,885
Leonardtown,884
Lindenhurst,883
Teaneck,883
Royersford,880
Cranberry Township,879
Ashland,874
Quincy,874
Oneonta,871
Highland,870
Bushkill,868
Takoma Park,863
Stillwater,862
Summit,862
Westport,860
Hamden,860
Floral Park,859
Whitestone,857
North Brunswick,854
Piscataway,853
Andover,852
Red Hook,852
Maspeth,852
Norwalk,851
New Paltz,850
Keene,848
Lexington Park,839
Kennett Square,837
Howell,837
Long Beach,836
Randallstown,836
Ludlow,834
Mays Landing,834
Middle Village,833
Horseheads,833
Shrewsbury,831
Glen Rock,831
Schwenksville,830
Forest Hills,828
Brookline,827
Paramus,827
Wexford,827
Perkasie,826
Havre de Grace,826
North Potomac,826
West Warwick,823
Southington,821
Beltsville,818
Weston,818
Princeton,817
Woodside,815
Catonsville,813
Watervliet,813
Brandywine,812
New Market,811
Bloomsburg,806
Spencer,804
Millersville,803
Bedford,803
Woodbury,802
Revere,801
Aberdeen,799
Massapequa,797
Schuylkill Haven,796
Plattsburgh,793
Hazleton,792
Cortland,790
Hempstead,787
New Haven,787
Fitchburg,786
Parsippany Troy Hills Township,783
Union City,783
North Versailles,782
Granby,781
Wethersfield,780
Hopewell Junction,779
New Hyde Park,777
New City,776
Bath,775
McDonald,774
Hawthorne,772
Richmond Hill South,772
Holyoke,771
Willingboro,770
Johnston,769
Chatham,768
Freehold,767
Waynesburg,767
Elmwood Park,766
Carmel,764
Lusby,763
Nyack,762
Rockaway,762
Felton,760
Nottingham,757
Concord,756
East Hampton,754
North Wales,753
Fairfax Station,751
Clearfield,750
Wallingford,750
Apollo,750
Montgomery Village,749
Manlius,749
Centreville,748
Livingston,746
Williamsport,736
Hollis,734
Niskayuna,733
Niagara Falls,729
Corning,727
Oakdale,726
Franklin Twp,722
Masontown,721
Everett,720
Sand Lake,719
South Brunswick,719
Philipsburg,718
East Windsor,718
Carthage,718
Lowell,718
Barrington,717
Baldwin,716
City of Orange Township,715
Mahopac,714
Glastonbury,713
Bangor,710
Danbury,710
Browns Mills,709
Old Bridge,707
Bronxville,705
Bergenfield,704
Suffern,702
East Providence,701
Abingdon,701
Oneida,701
Mashpee,701
Greenfield,700
Waterville,699
Bayonne,698
Elmhurst,696
Carolina,695
Havertown,694
Smithfield,692
Cresskill,691
Coxsackie,691
Fort Lee,690
Sicklerville,689
Colonial Beach,689
Finleyville,688
Wheeling,686
Albrightsville,686
Lewistown,686
Rutland,684
Glenside,683
Malden,683
Lexington,682
New Bedford,681
South Windsor,680
Belmont,679
Marlboro,678
Adams,676
Millburn,675
Trafford,673
Englewood,672
Bridgeton,671
Olney,671
Bridgewater Twp,670
Ephrata,670
Lodi,668
Atlantic City,666
Montville Township,664
Massena,664
Glassport,664
Somerset,663
Jefferson Township,661
Merrick,659
Rotterdam,659
Lawrence,659
Norwood,659
Pennsauken,659
Raritan,658
Bellerose,657
Westwood,655
Webster,654
Fair Lawn,654
Hatfield,653
Amsterdam,653
Methuen,652
Fishkill,650
Ossining,649
Shippensburg,648
Newington,648
Elkridge,645
Far Rockaway,645
Kearny,645
Allison Park,644
Newtown,644
Garfield,642
Waltham,641
Telford,640
Toa Baja,640
Maplewood,637
Pennsburg,637
Hillsborough Twp,634
Morris Twp,633
Shirley,632
Natrona Heights,630
Blue Bell,630
Springfield Gardens,628
Hackensack,628
Somers,626
Sykesville,626
Huntington,625
Accokeek,624
Putnam Valley,622
Beaver,622
Orchard Park,620
Towson,619
Ledyard,619
Long Island City,618
Morristown,617
Cheshire,615
Mechanicsville,614
Wolcott,614
New Canaan,614
Severna Park,613
Cherry Hill,612
New Hartford,611
Conshohocken,610
Washington Township,609
Severn,609
Bernards Twp,609
Shamokin,608
Clarion,603
Rhinebeck,601
Greencastle,599
Hancock,596
Bradford,596
Dedham,596
Dorado,595
Braddock,595
Turtle Creek,593
North Adams,592
Winthrop,590
Whitehall,589
Carmichaels,585
Seaford,584
Suffield,584
Yorktown Heights,581
Middlesex,580
Hyde Park,579
Nashua,579
Dunkirk,577
Spring Valley,577
Sayreville,577
Owego,577
West Babylon,576
Gilbertsville,575
Portsmouth,574
Leechburg,571
Stony Point,571
Acton,570
North Bethesda,570
Wellesley,568
Westerly,568
South Park,568
Ringwood,568
Derby,568
Warren Twp,568
Vandergrift,567
Pelham,566
Framingham,566
Dumont,564
Export,563
Hornell,563
Penns Grove,562
Newport,561
Wakefield,561
Marlborough,560
Hawley,558
Gettysburg,558
Port Washington,556
East Aurora,555
King George,555
Guilderland,554
Franklin Lakes,554
Elkins Park,553
Lewisburg,552
Hopwood,552
Claymont,551
Westbury,550
Mahwah,549
Toa Alta,547
Brewster,547
Billerica,546
Tenafly,546
New Hope,545
Hampton,544
Olean,543
Caguas,542
Glenville,541
Guilford,541
Dix Hills,540
New London,540
Rahway,539
Killingly,539
Lansdowne,539
Matamoras,537
Nanuet,536
Delmont,535
Glens Falls,535
Douglassville,534
Plainview,533
Cockeysville,532
Saddle Brook,532
Darby,532
Warminster,531
Monticello,531
Lynbrook,530
Crofton,530
Montville,530
Pikesville,529
Goshen,528
Harrison,528
Elizabethtown,526
Great Barrington,526
Denville,526
Hillside,526
Chestertown,525
Ellington,525
Farmingdale,525
North Syracuse,524
Waverly,521
Laconia,520
Lock Haven,520
Little Ferry,520
Denton,519
Phillipsburg,518
Coram,517
Rutherford,517
Titusville,517
Souderton,517
Weirton,515
Clarks Summit,512
Imperial,511
North Kingstown,510
North Andover,510
Fulton,509
Clayton,507
Bennington,507
Colchester,506
Oakton,506
Garden City,504
Windber,503
Canandaigua,502
Landover,502
Chittenango,501
Queensbury,501
South Kingstown,501
Attleboro,500
Gwynn Oak,500
Sudbury,500
Montgomery,499
East Lyme,498
Hicksville,498
Mount Holly,497
Norfolk,496
Glenshaw,493
Oakmont,491
Deer Park,491
Roxbury Township,491
Brookhaven,490
Charlestown,490
Fall River,489
Arnold,489
East Falmouth,488
Berwick,488
South Plainfield,487
Scotch Plains,486
Pittsford,486
Magnolia,484
Sellersville,483
Stevensville,482
Berwyn,482
Ballston Spa,482
Ticonderoga,481
Glenn Dale,480
Broomall,480
Townsend,479
Lyndhurst,479
Meadville,479
Ponce,479
Halethorpe,478
Mamaroneck,478
Camden Wyoming,477
Palmyra,477
Coal Center,476
Bethel,476
Millsboro,475
Canastota,475
Melrose,474
Burtonsville,474
Sparta,474
Wallkill,473
Haymarket,473
Bridgewater,473
Wantagh,472
Wellsville,472
Lincoln Park,471
Armonk,470
Boyertown,470
New Scotland,469
New Carrollton,469
Brattleboro,468
Hollywood,468
Donora,467
King of Prussia,466
Warrenton,466
Minersville,466
Natick,465
West Newton,465
Franklinville,465
Derwood,465
Camillus,465
New York,464
Plainville,464
Montross,463
New Providence,463
Pitcairn,463
Agawam,462
Westborough,461
Washingtonville,461
Liberty,459
Cape May Court House,459
Damascus,459
Frackville,458
Aston,458
Stratford,458
Highland Mills,457
Tuxedo Park,457
Needham,456
East Meadow,456
Naugatuck,456
Tarentum,456
Claremont,455
Durham,455
Sayre,454
Tolland,453
Smithtown,453
Ellwood City,452
Castleton,450
Ronkonkoma,450
Kinderhook,449
Hopkinton,448
Huntingtown,447
Eagleville,447
Derry,447
East Petersburg,447
Windsor Locks,447
Cornwall,446
Mastic Beach,446
Hummelstown,445
Whitesboro,444
Oswego,444
Briarcliff Manor,443
Walpole,442
East Greenwich,441
Roselle,441
Englewood Cliffs,441
Springdale,441
Peekskill,441
Hughesville,440
Woodmere,439
Chester Springs,438
Rockville Centre,438
Poland,437
Hollidaysburg,436
Bolton,436
Wyckoff,436
Grove City,435
Sunbury,435
Laurelton,435
Fleetwood,432
Coal Township,432
Cochranville,432
Clarksville,432
Batavia,431
Griswold,431
Taunton,431
Manalapan,430
West Hempstead,429
Eighty Four,426
Swedesboro,426
Mount Laurel,424
Little Neck,424
Abington,424
Chadds Ford,422
Ambridge,422
Pearl River,422
Jessup,421
Galloway Township,421
Denver,421
New Fairfield,421
Larchmont,420
Stonington,419
Augusta,418
Bentleyville,418
Fredericktown,417
Cazenovia,416
Dracut,416
Cranford,414
Falmouth,414
Lockport,414
Cold Spring,413
Port Jervis,412
Brookfield,411
Glen Mills,411
Walden,411
Northern Cambria,410
Tamaqua,408
Monaca,408
Jefferson,408
Piermont,406
Scituate,405
Windsor Mill,405
DuBois,405
Chantilly,404
River Vale,404
Sag Harbor,403
New Stanton,403
Burrillville,403
West Springfield,402
Wayland,401
Apalachin,400
Baden,400
Melville,399
Schodack Landing,399
Lewiston,399
Aldie,399
Holland,398
Endwell,397
Westford,396
Claverack,396
Charles Town,395
Franklin Square,395
Bryans Road,395
Hinsdale,394
Rye,394
Centereach,394
Forest Hill,393
Manville,393
Putnam,393
Malta,393
Hillsdale,393
Mifflinburg,392
Cheverly,392
Williamsville,392
Trujillo Alto,392
Falling Waters,391
Chelmsford,390
Kinnelon,389
Litchfield,389
Long Branch,388
Huntingdon Valley,388
Honesdale,387
Blackwood,387
Mount Olive Township,387
Carteret,387
North Arlington,386
Fallston,386
Wurtsboro,386
Syosset,385
Leola,385
Marlton,384
Manheim,383
South Orange Village Township,383
Pequannock Township,383
Towanda,383
Pine Bush,383
Orwigsburg,382
Demarest,382
Spotsylvania,382
North Haven,381
Manhasset,379
East Pittsburgh,379
North Smithfield,378
Mayaguez,378
Northfield,378
Northumberland,378
Ebensburg,377
Huntingtn Sta,377
Cambria Heights,377
Saint Johnsbury,376
Wilkes Barre,376
Georgetown,376
New Brunswick,375
New Brighton,375
Little Falls,374
Frostburg,374
Freedom,374
Saddle River,374
Exeter,374
Mount Joy,373
Lords Valley,372
Tyrone,372
Jackson Heights,371
Chesterfield,371
Joppa,370
Holbrook,370
Queens,369
Thompson,369
Perth Amboy,369
Hermitage,368
Shenandoah,367
West Haven,366
Voorheesville,366
Sandwich,366
Victor,366
Chatham Township,366
Port Jefferson Station,365
Selden,365
Leominster,364
Lincoln University,364
Newbury,363
Wareham,363
Cliffside Park,362
Earleville,362
Hampton Bays,362
Darien,361
Tunkhannock,361
Valley Cottage,361
Conway,359
Alpine,359
Narragansett,358
Kerhonkson,358
Mechanicville,358
Mount Kisco,357
Lake George,357
Clifton Heights,357
Greenbelt,357
Closter,357
Cheswick,357
Adelphi,356
Hebron,356
Glassboro,356
East Liverpool,355
Pleasant Valley,355
Grafton,354
Wynantskill,354
Commack,354
Ellenville,352
Lunenburg,352
Coopersburg,351
Susquehanna,351
Linthicum Heights,350
West Grove,350
Park Ridge,349
Gloucester City,349
South Hadley,348
Bed Stuy,348
Edgewood,348
Bound Brook,347
Phoenix,347
Readington Twp,347
Shelocta,346
North Plainfield,346
Castleton On Hudson,346
Blairsville,345
Gambrills,345
Bryn Mawr,343
Moreau,342
Selinsgrove,342
Ewing,341
Hatboro,340
Cicero,340
Glenolden,340
Jamesville,340
Malone,340
Leicester,340
Houston,340
Weymouth,339
Brookville,339
Fairview,339
Montague,339
Ogdensburg,338
Tonawanda,336
North Tonawanda,336
Manahawkin,336
Livingston Manor,336
Alden,336
Middlebury,335
Gardiner,335
Mullica Hill,335
Canaan,334
Trappe,334
Templeton,334
Point Pleasant,334
Boardman,334
Granville,332
Branford,332
Tannersville,332
Carbondale,332
Patchogue,331
Mount Rainier,331
Orleans,330
West Hurley,330
Spring Grove,329
Audubon,328
Saugus,328
Greenport,328
Avondale,328
Fredonia,327
Brownville,326
Duquesne,326
Depew,326
Amityville,326
Purcellville,326
Tionesta,326
Akron,326
Chicora,325
Mendham Township,325
Greentown,324
Belchertown,324
Sewell,324
Long Hill Township,324
Angola,324
Quarryville,323
Shady Side,323
Schuylkill County,323
Fayette City,323
Bechtelsville,322
McHenry,322
Whiting,321
Strasburg,320
Bogota,320
Wynnewood,320
Berkeley Heights Twp,320
Delhi,317
Cobleskill,316
Round Hill,316
Margate,316
Dalton,316
Upper Saddle River,316
Fairport,315
Point Marion,315
Plymouth Meeting,315
Hoosick Falls,315
Chelsea,315
Sanford,315
East Rockaway,314
Ruckersville,314
Babylon,314
Arecibo,313
Ridge,313
Allendale,312
Cromwell,312
Saranac Lake,312
Smock,312
West Islip,312
Great Mills,311
Haddonfield,311
Indian Head,311
Lackawaxen,311
Chesapeake Beach,309
Hillsborough,309
Harpers Ferry,309
Kenmore,309
Lisbon,308
Dingmans Ferry,308
Secaucus,308
West New York,308
Totowa,308
Bellmore,307
Bernardsville,307
Wells,307
Stuyvesant,307
Copake,306
Haverstraw,306
Bay Shore,306
Chester Township,305
Barnegat,305
Hartsdale,304
Northport,304
Locust Grove,304
Wantage Township,304
Clymer,304
Hammonton,304
Easthampton,303
Southbridge,303
Houtzdale,303
Black River,303
East Quogue,302
Hampstead,302
Oakhurst,301
Vega Alta,301
Warrington,301
Emmaus,301
Glen Ridge Boro Township,301
Roxbury,301
Meredith,300
Montrose,300
Neptune Township,300
Metuchen,300
Union Beach,299
Long Pond,299
Lambertville,299
Harding Township,297
Robbinsville,297
New Lebanon,297
Coeymans,297
Lake Placid,297
Roosevelt,297
Egg Harbor City,296
Montgomery Twp,296
Bethpage,296
Newburyport,296
Ardmore,296
Pompton Lakes,296
Sherburne,296
Warsaw,296
Gainesville,295
East Rutherford,295
Farmingville,295
Greensboro,295
Saint Marys,294
Mount Carmel,294
Vega Baja,294
Woburn,293
Hadley,293
Spotswood,293
Paoli,292
Gibbstown,292
Athol,291
Heathsville,291
Crownsville,291
Newmarket,291
East Northport,291
Port Matilda,290
Watchung,290
Centerville,290
Smithton,290
Richmond,290
Cresco,290
Perry Hall,289
Lyndon,289
Harrington,288
Lewes,288
Stowe,288
Hockessin,288
Palisades Park,288
Mineola,288
Jenkintown,287
Douglaston,287
Youngwood,287
Columbus,286
Skaneateles,286
Westover,285
Elmsford,285
Willow Grove,285
Hudson Falls,284
Fort Loudon,284
Canterbury,284
Brookeville,284
Highland Park,283
Landisville,283
Ellicottville,283
Garrison,283
Camp Hill,282
Kunkletown,282
Prince Frederick,282
Prospect,282
Girard,281
Darnestown,281
North Attleboro,280
Birdsboro,280
Southwick,280
Hanover Twp,280
Woodland Park,280
Cedar Grove,279
Maywood,278
Elmira Heights,278
Halifax,278
Hedgesville,278
Temple,277
Gardner,277
Ashtabula,276
Riverhead,276
Hull,276
Tremont,276
Stanardsville,276
Morganville,275
Princeton Junction,275
South Burlington,275
Lackawanna,275
Cooperstown,275
Clarence,275
Blakeslee,274
Canfield,274
Red Bank,274
Cheltenham,274
Pennington,274
Christiansted,274
New Holland,273
East Longmeadow,272
Marietta,272
Iselin,272
Frankfort,272
East Haddam,271
Linwood,271
Clay,271
Ware,270
South Yarmouth,270
New Cumberland,270
Sinking Spring,270
Mercersburg,269
Wellsburg,269
Catawissa,268
Moorestown,268
Ridgewood Village,268
Kew Gardens Hills,267
Central City,267
East Haven,267
Wilbraham,267
Haledon,267
Homer City,267
Dudley,266
Tiverton,266
Somers Point,266
Hershey,265
Beverly,265
Wood Ridge,265
Ulster Park,264
Peru,264
Garnerville,264
Moriah,264
Ford City,263
Kutztown,263
Rego Park,262
Hurley,262
Little Egg Harbor,262
South Amboy,262
Thomaston,262
Hazle Township,262
Staatsburg,262
Briarwood,261
Middleboro,261
Westville,260
Braintree,260
Woodcliff Lake,259
Garnet Valley,259
Scotia,259
Petrolia,259
Conneaut,259
Burgettstown,258
Pocono Lake,258
Acme,257
Caribou,257
Holden,257
Elmer,257
Portage,257
Rehoboth,257
Macungie,257
Struthers,256
Stoughton,256
Middleburg,256
Saylorsburg,255
North Babylon,255
Hubbard,255
Horsham,254
Ny,254
Smallwood,254
Ghent,254
South River,253
Effort,253
Campbell Hall,252
Longmeadow,251
Byram Township,251
East Granby,251
Osceola Mills,250
Colonia,250
Trumansburg,250
South Glens Falls,249
Port Carbon,249
Pocono Pines,249
Rising Sun,249
Exton,248
Harrison City,248
Perryopolis,247
Valatie,247
Forked River,247
Steubenville,247
Dayton,247
Woodbine,247
Dunellen,246
Scarborough,246
Bourne,246
Mastic,246
Hyannis,246
Branchburg Township,246
Charlotte Hall,246
Enola,245
Delmar,245
Brackenridge,244
Brambleton,244
Hampden,244
Hewlett,244
Gouldsboro,244
Voorhees,243
Newfield,243
Hasbrouck Heights,243
Wallington,243
Woodbridge Proper,242
Chappaqua,242
Landenberg,242
Prospect Park,242
Manasquan,242
Ravena,242
Mahanoy City,241
Greene,241
Cidra,241
Haddam,241
East Patchogue,241
Tarrytown,241
Peabody,240
Eden,240
Flemington,240
Deerfield,240
Gouverneur,239
Drums,239
Barnstable,239
Rochelle Park,239
Folsom,239
Old Tappan,239
Sarver,239
Newburg,238
Willow Street,238
Waldwick,238
Central Islip,238
Mount Sinai,238
Bladensburg,238
Olivebridge,237
Naples,237
Long Beach Township,237
Nesconset,237
Freeland,236
Grantham,236
Sharon Hill,236
Fair Haven,236
Saint Thomas,235
Thornwood,235
Corry,234
Arcade,234
Rocky Hill,234
Weehawken,234
Swampscott,233
Barton,233
Woodstown,233
Centre Hall,233
Charlottesville,232
Seekonk,232
Finksburg,232
South Whitehall Township,232
Bayville,232
Gloversville,232
Tuckerton,232
Winchendon,232
Saint James,231
Hazlet,231
Tuckahoe,231
Rock Hill,231
Copiague,230
Tuftonboro,230
Poestenkill,230
Wanaque,230
Pleasant Unity,230
Atco,230
Killington,230
Cabin John,230
Springville,229
Accord,229
Sutton,229
Ramsey,229
Foxboro,228
Fords,228
Grasonville,227
Jarrettsville,227
Deposit,227
Fairmount Heights,227
Glocester,227
Salamanca,226
Villas,226
Milltown,226
Upper Saucon Township,226
Valencia,226
Nanty Glo,225
Old Forge,225
Ridgefield Park,225
Saco,225
Potsdam,225
Dobbs Ferry,225
Lakeville,225
Inside,225
Boonville,224
Wharton,224
Berkeley Springs,224
Benton,224
Marcus Hook,224
Glen Cove,223
East Syracuse,223
Rockingham,222
Lansing,221
Stow,221
Tivoli,221
Flinton,221
Bloomingdale,220
Northvale,220
Bordentown,220
Ipswich,220
Sherman,220
West Greenwich,219
Oaklyn,218
Lagrangeville,218
Lehighton,218
Ashton,217
Hardyston,217
Mendham,217
Pomfret,216
Fairmont,216
Perry,216
Pitman,215
Huntingdon,215
Valhalla,215
Walton,215
Rocky Point,215
Bolton Landing,215
Myerstown,215
River Edge,214
Walkersville,214
North Bellmore,214
Old Lyme,214
Emerson,214
Green Brook,214
Keansburg,213
Hingham,213
Mertztown,213
Southbury,213
Secane,212
Campbell,212
Greenwood Lake,212
Ayer,212
Delta,212
Morrisdale,211
Bristow,211
Massapequa Park,211
Bellmawr,211
Watsontown,210
Canovanas,210
Schroon Lake,210
Arverne,210
Northbridge,210
Bloomingburg,209
Seven Valleys,209
Sturbridge,209
New Baltimore,209
West Caldwell,209
Dunmore,209
McClellandtown,209
Matawan,208
Ansonia,208
Kings Park,208
Dresher,208
Roslyn Heights,207
Ridley Park,207
Elma,207
Miller Place,207
Zelienople,206
Old Orchard Beach,206
Honey Brook,206
Rosendale,206
Absecon,206
Boonsboro,206
West Yarmouth,206
Stevens,205
Manorville,205
Charlton,205
Clark,204
Dallastown,204
Cokeburg,204
Milroy,204
East Greenville,204
University Park,204
Lavallette,204
Glenarden,204
Swanton,203
Middle Island,203
Leesport,203
Seneca Falls,203
Fairhaven,203
Saint Clair,203
Barkhamsted,203
Fort Ann,203
Pemberton,203
Paulsboro,203
Brigantine,203
Kew Gardens,202
Munnsville,202
Collingswood,202
New Ipswich,202
Holmdel,202
Lafayette Hill,202
Roselle Park,201
North Caldwell,200
Hooksett,200
Painted Post,200
Riverside,200
Ocean Township,199
Warrensburg,199
Jim Thorpe,199
Keyport,199
East Durham,199
East Hanover,199
New Salem,199
McConnellsburg,199
Woodridge,199
Altamont,199
Archbald,198
Reedville,198
Jewett,198
Cayey,198
Saint Leonard,198
Farrell,198
Afton,197
Shelton,197
Seaside Heights,197
Rio Grande,197
Otis,196
Ilion,196
Rutland Town,196
Henryville,196
Leonia,196
Boswell,195
Stony Brook,195
Cresson,195
Boonton,195
Weathersfield,195
Mount Morris,195
Roslyn,194
Avenel,194
Monsey,194
Maynard,194
Uniondale,194
Penn Yan,193
Southborough,193
Marriottsville,192
Tewksbury Township,192
Stephens City,192
Gowanda,191
Owings,191
Tinton Falls,191
Airmont,190
Livonia,190
Dallas,190
Penn,190
Florham Park,189
Slippery Rock,189
Evans City,189
Sands Point,189
Port Jefferson,189
Island Park,189
Port Chester,188
Geneva,188
Kenilworth,188
Green Lane,188
Duanesburg,187
Hallowell,187
Lowville,187
Croton On Hudson,187
Boyds,187
Poolesville,187
Littlestown,187
Edinburg,187
Claysville,186
Womelsdorf,186
Thurmont,186
Marstons Mills,186
Wernersville,185
Mountainside,185
West Harrison,185
Parkton,185
Pine Grove,185
Raymond,185
Annville,184
Spring City,184
Lavale,184
Tewksbury,184
Morningside,184
Port Ewen,183
Mountain Lakes,183
Ho Ho Kus,183
Pine City,183
Eastham,183
Factoryville,183
Barnstead,182
Toronto,182
Saltsburg,182
Biddeford,182
Watkins Glen,182
Swarthmore,182
Amesbury,182
Champion,182
Keyser,182
Thiells,182
Dexter,181
Hague,181
Stephentown,181
Sidney,181
Aurora,181
Yarmouth,181
Penfield,180
Lumberton,180
Perkiomenville,180
Monrovia,180
Asbury Park,180
Congers,180
Shepherdstown,180
Davidsonville,180
Sprague,180
Humacao,180
New Philadelphia,180
Roscoe,179
Shokan,179
South Bound Brook,179
Southold,178
New Bethlehem,178
Gilford,178
Forest City,178
Pomona,178
Perryville,178
Londonderry,177
Brandon,177
Port Deposit,177
Rossiter,177
Pawling,177
Unadilla,177
Colts Neck,177
Westampton,177
Morris,177
Bensalem,177
Middleton,176
Mayfield,175
Mohnton,175
Attica,175
Furlong,175
Mountain Dale,175
Yardley,175
Mine Hill,174
Alton,174
Richmondville,174
Tyngsborough,174
Austintown,173
Atglen,173
High Falls,173
Malverne,172
East Flatbush,172
Mount Pocono,172
Montvale,172
Upper Macungie Township,172
Wellsboro,172
Crisfield,172
Argyle,171
Buchanan,171
Lopatcong,171
Lake Peekskill,170
Plainsboro,170
Lake Harmony,170
Fairchance,170
Fort Plain,170
Greenwood,170
Livermore Falls,170
Crown Heights,169
Poultney,169
Maple Shade,169
Wyandanch,169
Nassau,168
West Brookfield,168
Mountain Top,168
Lovettsville,167
Harrington Park,167
Mercer,167
Water Mill,167
Katonah,167
North Beach,167
Voluntown,167
Middlefield,167
Ocean View,167
Manati,167
Paris,167
Grand Island,167
Mattituck,166
Bar Harbor,166
Kane,166
Narberth,166
Danby,166
Becket,166
Dansville,166
Stone Ridge,165
Little Egg Harbor Township,165
Stoneham,165
Dunn Loring,165
North Stonington,165
Preston,165
Addison,165
Ridgely,164
Mohegan Lake,164
Albion,164
North Branford,164
Schaghticoke,163
Rockaway Boro,163
Muncy,163
Wall,163
Margaretville,163
Mendon,163
Rowley,163
Palmer,163
Saint Michaels,163
Dawson,163
Hunker,163
Rockaway Park,163
Broad Channel,163
Herkimer,163
Rices Landing,163
Harbeson,162
Boonton Township,162
Lenox,162
Strykersville,162
Ventnor,162
Wilmerding,162
Hauppauge,162
Hoboken,162
Prattsville,162
Jericho,162
Lothian,162
Rumford,161
Mantua,161
Juncos,161
Kortright,161
Morton,161
Trumbull,161
Bellingham,161
High Bridge,161
Dennis,161
Guayama,161
Bearsville,160
Walnutport,160
Hellertown,160
Shoreham,160
Rye Brook,160
San Sebastian,160
Keeseville,160
Montpelier,160
Shippenville,160
Florida,160
Pownal,160
Nantucket,160
Reynoldsville,160
Pittston,159
Pedricktown,159
Emporium,159
Vanderbilt,159
Waterboro,159
Maryland,158
Cherry Tree,158
Waterloo,158
Darlington,158
Aldan,158
Sutersville,158
Midland,157
Homer,157
Delran,156
Cohasset,156
Cabot,155
Standish,155
Mill Hall,155
Leeds,155
Inwood,155
Street,155
Piscataway Twp,155
McVeytown,155
Beach Lake,154
Swansea,154
Gorham,154
Churchton,154
Princess Anne,154
Villanova,154
Bala Cynwyd,153
Marion Center,153
Barto,153
Hamilton Township,153
Mount Ephraim,153
Taylor,153
Old Saybrook,152
North Haledon,152
Westhampton,152
Bemus Point,152
Kulpmont,152
Wolfeboro,152
Marblehead,152
North Reading,152
Westhampton Beach,152
Saxonburg,152
Haddon Heights,151
Avalon,151
Smithsburg,151
Sandy Spring,151
Monkton,151
Belcamp,151
Skillman,150
Candor,150
Moundsville,150
Cinnaminson,150
North Whitehall Township,150
Winhall,149
Everson,149
Westmoreland,149
Holliston,149
Danvers,149
Midland Park,149
Blandon,149
Valley Grove,149
Provincetown,149
Hammondsport,149
Brewer,148
Niles,148
Christiana,148
Cattaraugus,148
Myersville,148
Holtsville,148
Conneaut Lake,148
Rockland,148
Columbiana,148
Shohola,148
Feasterville Trevose,148
Menands,147
Malba,147
Cavendish,147
Epsom,147
Pocono Summit,147
Winslow,147
Coudersport,146
Marion,146
Manor,146
Boalsburg,146
Crown Point,146
Port Norris,146
Wenonah,146
Marcellus,146
Blossvale,145
Shelburne,145
Dartmouth,145
Canajoharie,145
China,145
Rush,145
Eastchester,145
Seneca,144
Oriskany Falls,144
Bridgton,144
North Chili,144
Pembroke,144
Wheatley Heights,144
New Seabury,144
Sayville,144
York Haven,144
West Deptford,143
Tower City,143
Queenstown,143
Bethany,143
Hightstown,143
East Amherst,143
Hanson,143
Dunbar,142
Pilesgrove,142
Raynham,142
Middleburgh,142
Sheffield,142
Mattapoisett,142
Clinton Township,142
Belfast,142
Old Westbury,141
Tully,141
Delaware City,141
Central Falls,141
Gap,141
Bernville,140
Boxford,140
Poughquag,140
Hastings,140
Glen Oaks,140
Lake Grove,140
Marmora,139
Jay,139
Geneseo,139
Folcroft,139
Evans Mills,139
Abbottstown,139
Oley,139
Selbyville,139
Millerton,139
Ashford,139
Nescopeck,138
Manassas Park,138
Ridgeley,138
Purchase,138
Hatillo,138
Lowellville,138
Pipersville,138
Bellport,138
Middleport,138
Lee,138
Swanzey,138
Littleton,138
Langhorne,137
Blossburg,137
East Vandergrift,137
Blasdell,137
Ijamsville,137
Setauket,137
Palenville,136
Carneys Point,136
Smethport,136
Utuado,136
Knoxville,136
Knox,136
Seward,136
Glen Ridge,136
West Rutland,136
Newark Valley,135
Medina,135
Palmerton,135
Williston,134
Silver Creek,134
Stormville,134
Center Valley,134
Sparks Glencoe,134
Bedford Hills,134
Mount Desert,134
Hainesport,134
New Florence,134
Colebrook,134
Curwensville,133
Federalsburg,133
Bucksport,133
Caledonia,133
Merrimack,133
Rindge,133
Cos Cob,133
Taneytown,132
Fort Edward,132
Ossipee,132
Plaistow,132
Seymour,132
North Canaan,132
North Salem,132
Friedens,132
Carlstadt,132
Waterville Valley,132
New Oxford,132
West Middlesex,132
Mexico,132
Somersworth,131
North Apollo,131
Peapack Gladstone Boro,131
East Berlin,131
Point Pleasant Beach,131
Wiscasset,131
Le Roy,131
West Winfield,131
Devon,131
Gladwyne,131
Church Hill,130
Union Dale,130
Cranbury,130
Wyomissing,130
Somerdale,130
Jersey Shore,130
South Fork,130
Amissville,130
Nesquehoning,130
Jamesburg,130
North Baldwin,129
East Sandwich,129
Appleton,129
Delevan,129
Mickleton,129
Sharpsville,128
East Islip,128
Osterville,128
Westerlo,128
Galeton,128
Centerport,128
Douglas,128
Lanesborough,128
Marysville,128
Juana Diaz,128
Cabo Rojo,128
Old Town,128
Hollsopple,127
Cuba,127
Campton,127
Wrightsville,127
Little Silver,127
Lawrenceville,127
Cedarhurst,127
Dushore,127
East Bridgewater,127
Paxton,127
Andes,127
Jaffrey,127
Dillsburg,126
Grindstone,126
Broadalbin,126
Edgecomb,126
Richland,126
Marshfield,126
Albertson,126
Spring Mills,126
White Lake,126
Shelter Island,126
Wrentham,126
Wading River,125
Colmar,125
Skowhegan,125
Ellsworth,125
Narrowsburg,125
Laughlintown,125
Medfield,125
Collingdale,125
Frankford,125
Clementon,125
Rimersburg,125
Flourtown,124
Friendsville,124
Northborough,124
Breezewood,124
Corinth,124
Bainbridge,124
East Setauket,124
Pulaski,124
Laurens,124
Whitefield,124
Ranson,124
Union,124
Richford,124
Wyncote,123
East McKeesport,123
North Woodmere,123
Henrietta,123
Green Township,122
Broadlands,122
Martins Ferry,122
Cochranton,122
Gallitzin,122
Harwinton,122
Shandaken,122
Howard,122
Glenmoore,122
Lansford,122
Triangle,121
Westbrook,121
Dauphin,121
Duncansville,121
Elmore,121
Northwood,121
Tafton,121
New Freedom,121
Cape May,121
Catano,121
Mohawk,120
Naranjito,120
Ruther Glen,120
Republic,120
Follansbee,120
Lindenwold,120
Eatontown,119
Hilton,119
Medway,119
Alstead,119
Valley View,119
Piffard,119
Newfane,119
Nanticoke,119
Hardwick,119
Sauquoit,119
New Berlin,119
Shoemakersville,119
Corozal,119
Winfield,118
Morrisonville,118
Solvay,118
Davenport,118
Monson,118
Weedsport,118
Ardsley,118
Morris Plains,118
Boylston,118
Boothwyn,118
Falconer,118
Prosp Leff Gdns,117
Dickson City,117
Home,117
Deale,117
Port Allegany,117
Fort Belvoir,117
Duncannon,117
Sherrill,117
Gordonville,117
Rensselaerville,117
East Palestine,117
Woodland,117
Haverford,117
Saint Albans City,117
Throop,116
Gurabo,116
Tappan,116
West Windsor,116
Carrolltown,116
Cecil,116
Beachwood,116
Remsenburg,115
Moultonborough,115
Mifflintown,115
Blackstone,115
Machias,115
Dennis Port,115
West Long Branch,115
Guttenberg,114
Mountville,114
Lincroft,114
Hartwick,114
Sparrows Point,114
Greenlawn,114
Rumson,114
Marathon,114
Port Byron,114
Williamsburg,114
Newport City,114
Reinholds,114
Glenwood,114
Otego,114
Thornton,113
Pepperell,113
Conowingo,113
Saint George,113
Green Island,113
Millersburg,113
West Henrietta,113
Callicoon,113
Stone Harbor,113
Aguada,113
Essington,113
Etters,113
Ogunquit,113
Shamong,112
North Collins,112
Hackettstown,112
Ashburnham,112
Wyalusing,112
Vineyard Haven,112
Trevorton,112
Shade Gap,112
Stockport,112
Moosic,112
Uxbridge,112
Allamuchy Township,111
Morrisville,111
Berwyn Heights,111
Penn Valley,111
Avonmore,111
Mount Wolf,111
Marshall,111
Waymart,111
Glen Arm,111
Nicholson,111
Williston Park,111
Maybrook,111
Avoca,111
Avella,111
Killingworth,111
Haddon Township,110
Summit Hill,110
Limington,110
Norton,110
Independence Township,110
Hollis Hills,110
Willsboro,110
Wyndmoor,110
Fleischmanns,110
Dorset,110
Pleasant Gap,110
Redding,110
Conesville,110
Port Republic,109
Vintondale,109
Daisytown,109
Tioga,109
Patterson,109
Hurlock,109
Sloatsburg,109
Ronks,109
West Decatur,109
Harwich,109
Hastings On Hudson,109
Eastport,109
New Albany,109
Steelton,108
Luray,108
Pocomoke City,108
Netcong,108
Forks Township,108
Sudlersville,108
Fanwood,108
Westtown,108
Pound Ridge,108
South Fallsburg,108
East Norriton,108
Highland Falls,108
South Portland,108
Claysburg,108
Atlantic Highlands,107
Crucible,107
Tillson,107
Vinalhaven,107
Richeyville,107
Sunderland,107
Waretown,107
Township Of Washington,107
Millbury,106
Fruitland,106
Brewerton,106
Philmont,106
North Cape May,106
Haworth,106
Adah,105
Norwell,105
Colrain,105
Pen Argyl,105
Richboro,105
Islip,105
Rushford,105
Port Crane,105
East Moriches,105
Vestaburg,104
Bridgehampton,104
Ocean Pines,104
Holmes,104
Alburtis,104
Napanoch,104
Hanover Township,104
Weatherly,104
Saratoga,104
Casco,104
Olyphant,104
Pohatcong Township,103
Little Valley,103
Center Moriches,103
Otisville,103
Gray,103
Kearneysville,102
Lares,102
Moravia,102
Marcy,102
Paradise,102
Worton,102
Granville Village,102
Lykens,102
Oriskany,102
Jonestown,102
Clarence Center,101
West Nyack,101
Johnsburg,101
Bohemia,101
Dryden,101
Buckland,101
New York Mills,101
Millington,101
Henniker,101
McAdoo,101
East Rochester,101
Oak Hill,101
Hillcrest,101
Jeffersonton,101
Kingsville,101
Brimfield,101
Brielle,101
Stratton,100
Hammond,100
Clear Spring,100
Esopus,100
Earlville,100
Stanley,100
Sunnyside,100
Cambridge Springs,100
Friendship,100
Wind Gap,100
Deansboro,100
Schoharie,99
Biglerville,99
New Paris,99
Schnecksville,99
Shapleigh,99
Bayport,99
Bunker Hill,99
Cincinnatus,99
Old Bethpage,99
Hermon,99
Cleveland,99
Stratham,99
National Park,99
Eldred,99
Blairstown,99
Hooversville,98
Renfrew,98
Eliot,98
Croydon,98
Yarmouth Port,98
Mantoloking,98
Mitchellville,98
Wyoming,98
Adamsburg,98
Holtwood,97
Westmoreland City,97
White Haven,97
Santa Isabel,97
Occoquan,97
South Abington Township,97
Salisbury Mills,97
East New Market,97
Chesterbrook,97
Hartland,97
Gloucester,97
Brooklawn,96
Worthington,96
Merion Station,96
Boxborough,96
Cassville,96
West Bridgewater,96
Canadensis,96
Woolwich Township,96
Greenwich Township,96
Solomons,96
Boothbay,96
Clinton Corners,96
Millerstown,96
Strabane,96
Monroe Township,96
North Brentwood,95
Stockton,95
Tupper Lake,95
Belmar,95
Gilmanton,95
Ardara,95
Sea Girt,95
Ciales,95
Upton,95
Julian,94
Westernport,94
Big Run,94
Canisteo,94
Herminie,94
Turbotville,94
Pennellville,94
Fryeburg,94
Colton,94
Egremont,94
Clarksboro,94
Indian Lake,94
Quogue,93
Waterford Works,93
Portersville,93
Nedrow,93
Madera,93
Gilsum,93
Peterborough,93
Rhoadesville,93
Foster,93
Spencerport,93
Rockwood,93
Grahamsville,93
Silver Springs,93
Berryville,93
Three Springs,93
Wildwood,93
Parker,93
Roseland,93
Kittery,93
Nichols,93
Sugarloaf,93
Narvon,93
Freetown,92
Dublin,92
Tomkins Cove,92
Southport,92
Lilly,92
Otsego,92
West Barnstable,92
Lawrence Township,92
Yauco,92
Delaware,92
Fort Fairfield,92
Dresden,91
Bedminster Twp,91
Dixfield,91
Frewsburg,91
Mount Union,91
Riva,91
Orford,91
Sound Beach,91
Airville,90
Frankford Township,90
Stahlstown,90
Readsboro,90
Deer Isle,90
Mount Pleasant Mills,90
New Eagle,90
Chesapeake City,90
Edmeston,90
Upper Milford Township,89
Presto,89
Jermyn,89
Oakland Gardens,89
Laceyville,89
Saxton,89
Remsen,89
Allegany,89
Oreland,89
Ridgefield Park Village,89
Karns City,89
New Boston,89
Woodbury Heights,89
Elverson,89
Newville,89
West Monroe,88
Shermans Dale,88
Lewisberry,88
Genesee,88
Richfield Springs,88
Blauvelt,88
Salt Point,88
Millinocket,88
East Amwell Township,88
Whitingham,88
Aibonito,88
Millbrook,88
Crescent,88
Greenock,88
Industry,87
Glen Head,87
Beaverdale,87
Fajardo,87
Burdett,87
Cressona,87
Madawaska,87
Montoursville,87
Lakeview,87
Morovis,87
Bruceton Mills,87
Polk,87
Aguadilla,87
Kirkwood,87
Forestville,87
Skippack,87
Lake Frederick,87
Elizaville,86
Berne,86
Pine Hill,86
Frederica,86
Port Tobacco,86
Sparrow Bush,86
Springwater,86
Shinglehouse,86
Oakfield,86
Houlton,86
Bardonia,86
Durhamville,85
Muttontown,85
Monmouth,85
Lake Ronkonkoma,85
Thetford,85
Oyster Bay,85
East Earl,85
North Falmouth,85
Presque Isle,85
Yorkville,85
Cedarville,84
Coamo,84
Glendora,84
Proctor,84
Piney Point,84
Montour Falls,84
Reedsville,84
Catasauqua,84
Las Piedras,84
Churchville,84
Greenfield Township,84
Schuylerville,84
Rural Valley,84
Lyndonville,84
Muse,84
Roebling,83
Glen Spey,83
East Chatham,83
Caneadea,83
Ulster,83
Millstone,83
Conklin,83
Burnham,83
Alexandria Bay,83
Theresa,83
Port Henry,83
Hewlett Harbor,83
Crum Lynne,83
Sea Cliff,83
Rose Valley,83
Atlantic Beach,83
Calverton,83
Adamstown,83
New Egypt,82
Stockbridge,82
Scotland,82
Cream Ridge,82
Sloan,82
Phoenicia,82
Aguas Buenas,82
Bryantown,82
Corriganville,82
Thorofare,82
Barnesville,82
Belvidere,82
Wrightstown,82
Warriors Mark,82
Bealeton,81
New Bloomfield,81
Carver,81
Lyons,81
Mount Gretna,81
South Williamsport,81
Grand Isle,81
Tabernacle,81
Gilboa,81
Eldersburg,81
West Boylston,81
Tamworth,81
Newmanstown,81
Helmetta,80
Mount Arlington,80
Highgate,80
Rockport,80
Lido Beach,80
Purling,80
Stoneboro,80
Sunapee,80
Mifflinville,80
Ashby,80
Hewlett Bay Park,80
West Newbury,80
Sleepy Hollow,80
Oak Bluffs,80
Rock Hall,80
Wildwood Crest,80
Mill Creek,80
Lincolnville,80
Pawlet,80
Delanco,80
Lisle,79
Rehoboth Beach,79
Lehigh Township,79
Freeburg,79
New Wilmington,79
Hensonville,79
Modena,79
Fultonville,79
Willington,79
Barboursville,79
Beechhurst,79
DeRuyter,79
Deal Island,79
Snow Hill,79
Seaside Park,79
Scottsville,79
Slatington,79
Goffstown,79
Tappahannock,78
Keedysville,78
Brushton,78
Alpha,78
Elkland,78
Dundee,78
Whitman,78
East Freedom,78
Bloomington,78
San Lorenzo,78
Portville,78
New Ringgold,78
Accident,78
Dravosburg,78
Conestoga,77
Antrim,77
Boothbay Harbor,77
Palmer Township,77
Hidden Valley,77
Peckville,77
East Hills,77
Lynnfield,77
Turner,77
Mont Vernon,77
Spring Lake,77
Woodbourne,77
Bartlett,77
Oceanport,77
Stanhope,77
Ashville,77
Belle Mead,77
Peach Bottom,76
Grampian,76
Deep River,76
Dover Plains,76
Champlain,76
Marydel,76
Imler,76
Bellwood,76
Lysander,76
Shrub Oak,76
Russell,76
Seabrook,76
Harpswell,76
Nahant,76
Colden,75
Conesus,75
Eagles Mere,75
Sharon Springs,75
Merchantville,75
Rawlings,75
Harveys Lake,75
Rochester Mills,75
Frelinghuysen,75
Topton,75
Callao,75
Wenham,74
South Setauket,74
Cutchogue,74
White Marsh,74
Mount Holly Springs,74
Hopewell,74
Bliss,74
Jefferson Valley,74
West Friendship,74
Millis,74
Calais,74
Savage,74
Montauk,74
Verplanck,73
Shadyside,73
Renovo,73
Monmouth Beach,73
Hartly,73
Rincon,73
Sussex,73
West Falls,73
Pa Furnace,73
Freeville,73
Pine Plains,73
Spring Lake Heights,73
Prosperity,73
Whitney Point,73
Taberg,73
Delanson,73
Chaplin,72
Stoystown,72
Sagamore,72
Honeoye Falls,72
Armagh,72
Islip Terrace,72
Orrington,72
Highspire,72
Beyer,72
Upper Brookville,71
Beacon Falls,71
Glenford,71
Castine,71
Russellton,71
Sharpsburg,71
South Dennis,71
West Falmouth,71
Frederiksted,71
Boiceville,71
Greeley,71
Camuy,71
Patton,71
Wampum,71
Cochecton,71
Cotuit,71
Sciota,71
Parkesburg,71
Buzzards Bay,70
Kennerdell,70
Alloway,70
Granite Springs,70
Belgrade,70
Garwood,70
Bellaire,70
Mohrsville,70
Sackets Harbor,70
Nissequogue,70
Root,70
Saint John,70
Swan Point,70
Mount Savage,70
Pocasset,70
North Hampton,69
Robesonia,69
Valley Falls,69
Austerlitz,69
Harrisville,69
Belsano,69
Topsfield,69
Mont Alto,69
Sherborn,69
Sedgwick,69
Fitzwilliam,69
Morgan,69
Ortley Beach,69
Corfu,69
Kent,68
Union Bridge,68
Cornish,68
Dover Foxcroft,68
Slate Hill,68
Perth,68
Altmar,68
Leetsdale,68
Bel Alton,68
South Floral Park,68
Harpersfield,68
Dunstable,68
Ottsville,68
Berkshire,68
Urbana,68
Nokesville,68
Fonda,67
Surry,67
Vassalboro,67
White Hall,67
Woodlyn,67
West Chazy,67
Holland Patent,67
Negley,67
New Middletown,67
Epping,67
Old Chatham,67
Palatine Bridge,67
Wysox,67
Little Meadows,67
Fort Edward Village,67
Swan Lake,67
Bayam√≥n,67
Newfoundland,67
Chateaugay,67
East Dennis,67
Lower Gwynedd,67
Lucernemines,67
Cresaptown,67
Locust Valley,66
Brockway,66
Moscow,66
Tall Timbers,66
Meshoppen,66
Fredon Township,66
Eastford,66
Robertsdale,66
Greenbackville,66
Ringtown,66
Stockdale,66
Loyalhanna,66
Schuyler Falls,66
Effingham,66
Duxbury,66
Cushing,66
Isabela,66
Forestport,65
Fishing Creek,65
Barceloneta,65
Charleston,65
Ridgway,65
Saranac,65
Kempton,65
Oradell,65
Rydal,65
West Haverstraw,65
Leeper,64
Glenburn,64
Kirkville,64
North Middletown,64
Duryea,64
Central Square,64
Natural Bridge,64
Westmont,64
Palisades,64
Jeffersonville,64
Califon,64
Downsville,64
Florence,64
Eaton,64
Minerva,64
Holland Township,64
Milan,64
Merrimac,63
McDonough,63
West Shokan,63
Westmore,63
Alfred Station,63
Rangeley,63
Round Top,63
Elco,63
Seltzer,63
West Dennis,63
Drayden,63
Scotrun,63
Wilson,63
Carrabassett Valley,62
Bozman,62
Southwest Harbor,62
Burnside,62
Fillmore,62
Bolivar,62
Saint Inigoes,62
Harwich Port,62
Glenfield,62
Sugar Grove,62
Wellfleet,62
Tracys Landing,62
Moriches,62
Hereford,62
Shutesbury,62
North Wildwood,62
West Amwell,62
Malden On Hudson,62
Cardale,62
Lake Katrine,62
Horicon,62
Muncy Valley,62
East Nassau,62
North Norwich,62
Saegertown,62
Cumbola,62
Alford,62
Preston Hollow,61
West Creek,61
New Alexandria,61
Topsham,61
Mount Royal,61
Sandy Creek,61
Rochelle,61
Hope,61
Vieques,61
Acushnet,61
Fort Kent,61
Bentonville,61
Mardela Springs,61
Panton,60
Allenport,60
Dilliner,60
Shaftsbury,60
Rixeyville,60
Kenoza Lake,60
Chaffee,60
Pequea,60
Beech Creek,60
Brighton,60
Bartonsville,60
Allenstown,60
Blue Point,60
Van Buren,60
Amenia,60
Glenelg,60
Blooming Grove,60
Port Leyden,60
Mayville,60
Nazareth,60
Aquebogue,59
Hiller,59
Coral,59
Parksville,59
Whately,59
New Ashford,59
Mont Clare,59
Lyme,59
Highlands,59
Atkinson,59
Deepwater,59
Pittsgrove,59
Triadelphia,59
Deptford,59
Loiza,59
Idlewylde,59
New Durham,59
McIntyre,59
Thomasville,59
Upper Chichester,59
Cranberry Isles,58
Knowlton,58
Beach Haven,58
Irving,58
Honeoye,58
Damariscotta,58
Gordonsville,58
Stephenson,58
Stoddard,58
Cairnbrook,58
Hyndman,58
James Creek,58
Callaway,58
Estell Manor,58
Glasco,58
Lemoyne,58
Caldwell Boro Township,57
Denbo,57
Seaville,57
Langeloth,57
Ivyland,57
Arroyo,57
Cayuta,57
Bethany Beach,57
Bow,57
North Brookfield,57
Scio,57
Lower Macungie Township,56
Lower Saucon Township,56
Glen Campbell,56
Kiamesha Lake,56
Hobart,56
Colliers,56
Tilghman,56
Arkport,56
Waldoboro,56
Crompond,56
Penuelas,56
Port Reading,56
Bradley Beach,56
Shamokin Dam,56
West Stockbridge,56
Weedville,56
Greenfield Park,56
Chenango Forks,55
Saint Regis Falls,55
La Fargeville,55
Glover,55
Ruffs Dale,55
Grantsville,55
Orangeburg,55
Hurleyville,55
Yulan,55
Clifton Township,55
Yeagertown,55
Sea Isle City,55
Far Hills,55
Sanbornton,55
Yeadon,55
Marlin,55
Oyster Bay Cove,55
Naguabo,55
Plains,55
Gillett,55
Runnemede,55
Line Lexington,55
Kinzers,55
Limestone,55
Baiting Hollow,55
Vernon Center,54
Fremont Center,54
West Valley,54
Edinboro,54
Winterport,54
Harding,54
North Branch,54
Bedford Corners,54
Hallstead,54
Elka Park,54
Kinsale,54
Patillas,54
Ship Bottom,54
Lima,54
Jordan,54
Earlton,54
Great Cacapon,54
East Marion,54
Sandown,54
McGees Mills,54
Beaver Dams,54
Weare,54
Charlotte,54
Isabella,54
Chautauqua,54
Unionville,54
Dolgeville,53
Marienville,53
Saint Johnsville,53
Warners,53
Port Monmouth,53
Galena,53
Bruin,53
Limerick,53
Olive,53
Avenue,53
East Jewett,53
Mumford,53
Menlo Park Terrace,53
Collins,53
Cold Spg Hbr,53
Orrstown,53
Mapleton Depot,52
Clyde,52
Kennebunk,52
Dighton,52
Springfield Center,52
Jerome,52
Equinunk,52
Hormigueros,52
Orono,52
Mount Tabor,52
Landisburg,52
Mingo Junction,52
Guanica,52
Royalton,52
Sandyston,52
Leonardo,52
Sandisfield,52
Alexandria Township,51
Wilmot,51
Franconia,51
Sandy Lake,51
Jennerstown,51
Edgewater Park,51
Cherry Valley,51
West River,51
Westernville,51
Loganton,51
Larimer,51
Tamiment,51
Nanjemoy,51
East Newark,51
Kennebunkport,51
Ava,51
Belle Harbor,51
Moore Township,51
North Huntingdon,51
Bethlehem Township,51
Canajoharie Village,51
Moretown,51
Tarrs,50
Woolwich,50
Highland Lake,50
Harmony,50
Swanville,50
New Columbia,50
Orrtanna,50
Grassflat,50
Ronco,50
Comerio,50
Old Brookville,50
Harwick,50
Johnson,50
Shavertown,49
Hopedale,49
Cleona,49
Holley,49
Dannemora,49
Esperance,49
Hannacroix,49
Belford,49
Wales,49
Petersburg,49
Jamesport,49
West Edmeston,49
Berkley,49
South Hackensack,49
Alburgh,49
Washington Crossing,49
Alverton,49
Caldwell,49
Eastampton,49
Volant,48
Amity Harbor,48
Shillington,48
Madbury,48
Mehoopany,48
Owasco,48
Richfield,48
Lanoka Harbor,48
Butternuts,48
Chincoteague,48
Barneveld,48
Loon Lake,48
Grapeville,48
Wingdale,48
Eddington,48
Scenery Hill,48
Strattanville,48
Neptune City,48
Lopez,47
Bally,47
South Chatham,47
Bloomsbury,47
Gasport,47
Viola,47
Aquasco,47
Mount Tremper,47
Oliver,47
Kendall Park,47
White Township,47
Cape Elizabeth,47
Confluence,47
Elysburg,47
Remington,47
Ocean Grove,47
Houghton,47
Dickerson,47
Mill Run,47
Emlenton,47
Hannibal,47
Washington Boro,47
Johnsonburg,46
Monterey,46
Liberty Township,46
Lubec,46
Lincolndale,46
West Berlin,46
Bowling Green,46
Cummington,46
Ellenburg Center,46
Linesville,46
South Berwick,46
Searingtown,46
Essex Fells,46
Clark Mills,46
Chazy,46
Avis,45
Great Valley,45
Mainesburg,45
McClure,45
Millheim,45
North Chatham,45
Baldwin Harbor,45
New Hampton,45
Jamison,45
Barker,45
Memphis,45
Kennedyville,45
Wintersville,45
Mineville,45
Loysville,45
Bushwood,45
South Bristol,45
Zieglerville,45
Livermore,45
Starlight,45
Forestdale,45
West Hazleton,45
Orbisonia,45
Bradfordwoods,45
Harwood,45
Lake Luzerne,45
Amawalk,45
Alexander,45
Little Compton,44
Coxsackie Village,44
Chaptico,44
Loudon,44
West Elizabeth,44
Benson,44
Bovina Center,44
Northville,44
Erdenheim,44
Burgess,44
Edgartown,44
Phippsburg,44
Indianola,44
Carle Place,44
Croghan,44
Hop Bottom,44
Sea Bright,44
Washburn,44
West Tisbury,44
Hyde,44
Oakham,44
North Lima,44
Orland,44
Masonville,44
Waverly Township,44
Glen Gardner,44
Coplay,44
Dalmatia,44
Winooski,44
Marion Station,43
Joffre,43
West Alexander,43
Lemont Furnace,43
Eau Claire,43
Del Haven,43
Glenham,43
Needmore,43
North Brunswick Township,43
Ickesburg,43
Snow Shoe,43
Big Flats,43
Mullica,43
Longport,43
Harpursville,43
Blairs Mills,43
Minoa,43
Cohocton,43
Sparks,43
Waddington,43
Pylesville,43
Sullivan,43
Emmitsburg,43
South Huntington,43
South Hempstead,43
Saint Albans Town,43
Jenkins Township,42
Fort Salonga,42
Gerry,42
Sumerduck,42
Romulus,42
Hookstown,42
Stockton Springs,42
Mill Village,42
Blandford,42
Mills,42
Angelica,42
Lottsburg,42
Claridge,42
New Gloucester,42
Point of Rocks,42
Ulysses,42
Bedstuy Brooklyn,42
Drumore,42
Glyndon,42
East Brady,42
Harborcreek,42
Antwerp,42
Mason,41
Orient,41
Etna,41
Hillsboro,41
Elbridge,41
La Fayette,41
Camp Springs,41
Blue Hill,41
Sylvan Beach,41
Penn Run,41
Unity Township,41
Mount Bethel,41
Forksville,41
Harmony Township,41
Sugar Hill,41
Church Creek,41
Orangeville,41
Acworth,41
Allen Township,41
Island Heights,41
Hegins,41
East Atlantic Beach,41
Scott Township,41
Monroeton,41
North Lawrence,41
Fallsburg,40
Roaring Brook Township,40
Karthaus,40
Shenandoah Junction,40
Woodsboro,40
Simpson,40
Lake Winola,40
Mannington,40
Green Island Village,40
Montebello,40
Radnor,40
Hoosick,40
Big Indian,40
Manchester Township,40
Central Valley,40
Old Bridge Township,40
Wilburton,40
Petersburgh,40
Laytonsville,40
Wentworth,40
Anson,40
Colver,40
Slovan,40
Searsport,40
Islandia,39
Paw Paw,39
Seat Pleasant,39
Milesburg,39
Ellenburg Depot,39
New Marlborough,39
South Hampton,39
Nunda,39
Tilton,39
Nobleboro,39
Sagamore Beach,39
Dilltown,39
Enosburg Falls,39
Glen Lyon,39
Ernest,39
Eddystone,39
Gilberton,39
McSherrystown,39
West Hickory,39
Wainscott,39
Sigel,39
Lajas,39
Maugansville,39
Sodus,39
Gaines,39
Colora,39
Brooktondale,39
Orocovis,38
Upper Black Eddy,38
Englishtown,38
Huguenot,38
Garland,38
Marion Heights,38
Rollinsford,38
West Pittsburg,38
West Sunbury,38
Creekside,38
Pike County,38
Cascade,38
Red Hill,38
Burlington Township,38
Kingwood Township,38
Nuremberg,38
Forbes Road,38
Erving,38
Arbutus,38
Tidioute,38
Stuyvesant Hts,38
Gastonville,38
Kingsley,38
Mount Jewett,38
South Thomaston,38
Brockport,37
Parsonsfield,37
Brownstown,37
Ontario,37
Jacobus,37
Varysburg,37
Lyndora,37
Craryville,37
Loch Sheldrake,37
Groveland,37
Rouses Point,37
Veazie,37
Thompson Ridge,37
Mooers,37
Dagsboro,37
Bernardston,37
Maricao,37
Weikert,37
Schellsburg,37
Victory Gardens,37
Brantingham,37
Clintondale,37
Hopelawn,37
Glen Dale,36
Chesterville,36
Dubois,36
Copenhagen,36
Arkville,36
Ventnor Heights,36
Cowlesville,36
Gill,36
Bergen,36
Milmay,36
North Berwick,36
West Cape May,36
Sweet Valley,36
Constableville,36
Putnam Station,36
Lee Center,36
Hume,36
Popponesset,36
Gibbsboro,36
Castorland,36
Willseyville,36
Swans Island,36
Marlow,36
Otselic,36
Erma,36
Moonachie,36
Ancram,36
Eynon,36
Lafayette,36
Moca,36
Summerhill,35
Sagaponack,35
Massey,35
Loretto,35
Larksville,35
Mineral Ridge,35
Elderton,35
South Ozone,35
Union Springs,35
Shickshinny,35
Avon By The Sea,35
Lake City,35
Lenhartsville,35
Canarsie,35
Cordova,35
Wilcox,35
Sparkill,35
West Milton,34
Garden City South,34
Altona,34
Amagansett,34
South Heights,34
Buck Hill Falls,34
Sidman,34
Branchville,34
Getzville,34
Buffalo Mills,34
Locke,34
Lindenwood Howard Beach,34
Constantia,34
Girardville,34
South Wales,34
Rupert,34
New Springfield,34
Smicksburg,34
Onset,34
Mildred,34
Princetown,34
Orwell,34
Star City,34
Stanfordville,34
Robinson,34
New Galilee,34
Milo,34
Macedon,34
Cooksville,33
Falls Creek,33
Kilmarnock,33
Todd,33
Aaronsburg,33
Chestnuthill Township,33
Hydes,33
Boiling Springs,33
South Bethany,33
New Tripoli,33
Wiconisco,33
Forty Fort,33
Adjuntas,33
Old Greenwich,33
Sewaren,33
Searsburg,33
South Dayton,33
Lowman,33
White Creek,33
Westbrookville,33
Anasco,33
Bay Head,33
Pine Beach,33
Browndale,33
Sprakers,33
Ringoes,33
Ames,33
Flatbush,33
East Wareham,33
Upper Mt Bethel Township,33
Granville Summit,33
Kingsbury,33
Salinas,33
Boscawen,33
Chestnut Ridge,33
Middle Smithfield Township,33
Benwood,33
New Waterford,32
McAlisterville,32
Crabtree,32
Brilliant,32
Terra Alta,32
Pine Island,32
Carvel Beach,32
Waterfall,32
Castle Creek,32
Hyannis Port,32
Louisa,32
Frenchtown,32
Clements,32
Howland,32
Covington,32
Leonardsville,32
Lower Milford Township,32
Bradenville,32
Eckhart Mines,32
Round Lake,32
Berkeley,32
Vandling,32
McGraw,32
Rock Tavern,32
York Springs,32
McDaniel,32
Keasbey,32
Lyons Falls,32
Fire Island Pine,32
Greenvale,32
Forestburgh,32
Owls Head,32
Spencerville,32
Las Marias,32
Richville,32
Verona Beach,32
Maidsville,32
Saint Michael,31
Brightwaters,31
Lewis Run,31
La Jose,31
Norway,31
Marbury,31
Covington Township,31
Arundel,31
Clayville,31
Laurel Hollow,31
Le Raysville,31
Kintnersville,31
Irvine,31
Stewart Manor,31
Vergennes,31
Elliottsburg,31
Barranquitas,31
Manhasset Hills,31
Upper Jay,31
Quebradillas,31
Leverett,31
Blanchard,31
Stony Creek,31
Barryville,31
Block Island,31
Lacona,31
Shady,31
Treasure Lake,31
Meyersdale,31
Romansville,31
Galloway,31
Sodus Point,31
Nu Mine,31
Alfred,31
Whiteford,30
West Fairlee,30
Romney,30
Prattsburgh,30
Abell,30
Olanta,30
Greece,30
Rushville,30
Ryegate,30
Fallentimber,30
Mayport,30
Nelliston,30
Constable,30
Wapwallopen,30
Fremont,30
Mars Hill,30
Woodford,30
Forest Heights,30
Mount Marion,30
Johnsonville,30
Knoxboro,30
Farnham,30
Meadowlands,30
Cottage City,30
Riddlesburg,30
West Wareham,30
Redwood,30
Hopewell Township,30
Heidelberg,30
West Gardiner,30
White,30
Byrnedale,30
Millmont,29
Cecilton,29
Ramey,29
Clarendon,29
Coalport,29
Sebec,29
Eagle Lake,29
Jonesport,29
Lake Hill,29
Stittville,29
Paxinos,29
Elberon,29
Rexford,29
Rouseville,29
Peacham,29
Sheppton,29
Byron,29
Coaldale,29
Roaring Spring,29
Fountain Hill,29
Rector,29
Millwood,29
Rivesville,29
Kingshill,29
San German,29
West Leyden,28
Atlantic,28
Woodsburgh,28
Williamson,28
Deal,28
Riverton,28
Cottekill,28
West Harwich,28
Cranberry Lake,28
Patten,28
Galesville,28
Ewell,28
Greenbush,28
Smithville,28
Rockleigh,28
Spring Brook Township,28
Greenvile Center,28
Hawthorn,28
Swainton,28
Fort Valley,28
Yaphank,28
Laurence Harbor,28
Wattsburg,28
Sugar Run,28
Benezette,28
Cross Junction,28
Fort Ashby,28
Bivalve,28
Leetonia,28
Brocton,28
Bingham,28
Newcomb,28
Marilla,28
Au Sable Forks,28
Cadyville,28
Willow,28
Frenchville,28
Montgomeryville,28
Tyler Hill,28
Breinigsville,28
Bessemer,28
Harrisonville,28
Hillsville,28
Breesport,27
Austin,27
Port Royal,27
Westport Island,27
Mooers Forks,27
Jackson Township,27
Mahoning,27
Rhinecliff,27
Rumney,27
Normalville,27
Spruce Creek,27
Cato,27
Wantage,27
Port Kent,27
Odessa,27
Thompsontown,27
Rebersburg,27
McGrann,27
Woodward,27
Crumpton,27
East Millinocket,27
West Pittston,27
Dupont,27
Roaring Branch,27
Fannettsburg,27
Flint Hill,27
Ellendale,27
Brisbin,27
Spring Church,27
Mountainville,27
Oak Grove,27
Cuddebackville,27
East Williston,27
Yoe,27
Truro,27
Blue Ridge Summit,27
Irvona,27
Barnet,27
Wells River,27
Ocean Gate,27
East Penn Township,27
Point Lookout,27
Sabillasville,27
Zionsville,27
Dunbarton,27
Salix,26
Orefield,26
Allport,26
Smyrna Mills,26
Hazelton,26
Fryburg,26
Harriman,26
Roque Bluffs,26
Copake Falls,26
The Plains,26
Hamlin,26
Selkirk,26
Bradley,26
Sandy Ridge,26
Bigler,26
Heislerville,26
Henderson,26
Luzerne,26
Edwardsville,26
Chaumont,26
Cliffwood,26
Fairmount City,26
Elba,26
Pittsville,26
Rifton,26
Mineral Springs,26
Noxen,26
Pittstown,26
Star Lake,26
Wassaic,25
West Allenhurst,25
Gulph Mills,25
Bellerose village,25
Ionia,25
Washington Grove,25
North Kingsville,25
Spring Run,25
McMechen,25
Edgemere,25
King Ferry,25
Beach Haven West,25
Schenevus,25
Marble,25
Luquillo,25
Barnard,25
Gwynedd Valley,25
White Sulphur Springs,25
New Millport,25
Cold Brook,25
Jones Mills,25
Solon,25
Buxton,25
Dallas Plt,25
Bozrah,25
Dunlo,25
Kelayres,25
Lawnside,25
Holderness,25
Canadohta Lake,25
Neponsit,25
White Post,25
Tunbridge,25
Rileyville,25
Llewellyn,25
Kauneonga Lake,24
Quantico,24
Maple Glen,24
Long Lake,24
Pittsburg,24
Kingfield,24
Cookstown,24
Stevenson,24
Yabucoa,24
East Machias,24
Fenwick Island,24
Mount Jackson,24
Corbin City,24
Warner,24
Green Creek,24
Flintstone,24
Boyce,24
Interlaken,24
Winburne,24
Middlebury Center,24
Hawk Run,24
Drifting,24
Victory,24
West Coxsackie,24
Lower Township,24
Guayanilla,24
Cornwallville,24
Acra,24
Putney,24
Harvey Cedars,24
Blakely,24
Flanders,24
Woolford,24
Neavitt,24
Shiloh,24
Bulger,24
Funkstown,24
East Norwich,24
Welcome,24
Kirby,24
Bath Village,24
Broad Run,23
Rhodesdale,23
Fabius,23
Springfield Township,23
Sharptown,23
Ellenburg,23
Delaplane,23
Doylesburg,23
Sanborn,23
West Bath,23
Cliffwood Beach,23
Teaticket,23
Paupack,23
Red Creek,23
Beaver Springs,23
Clearville,23
Northeast,23
Spartansburg,23
North Massapequa,23
Dameron,23
Sheldon,23
Curtis Bay,23
Winter Harbor,23
Cornville,23
Lower Nazareth Township,23
Bridport,23
Stetson,23
Queen Anne,23
Riegelsville,23
Kingwood,23
Zion Grove,23
Turnersville,22
Trumbauersville,22
Wescosville,22
Tallman,22
Chester Heights,22
Fairplay,22
Bird In Hand,22
Halcott Center,22
Lanesville,22
East Bangor,22
Avalon Manor,22
Margate City,22
Kresgeville,22
Huntington Station,22
Buena Vista Township,22
West Conshohocken,22
Stroud Township,22
Ferndale,22
Hellam,22
North Bethany,22
Framington,22
Caton Town,22
Pierpont,22
Hubbardston,22
Cogan Station,22
Plympton,22
New Lisbon,22
New Braintree,22
Cowansville,22
Findley Lake,22
Enon Valley,22
Islesboro,22
Castile,22
Newry,22
Burt,22
Rogers,22
Java Center,22
Saint Petersburg,22
Venango,21
Lindley,21
Earl Township,21
Bluemont,21
Laurel Springs,21
Atlasburg,21
Brooklyn Park,21
Mount Chase,21
Lemont,21
Mannsville,21
Turin,21
Moshannon,21
Parish,21
Chadwicks,21
Ewing Township,21
Kersey,21
Bellport village,21
Wellesley Island,21
Lloyd Harbor,21
Osterburg,21
Portageville,21
Ransomville,21
Bluff Point,21
Delaware Water Gap,21
North Hills,21
Plumsted,21
Branchburg,21
Grantville,21
Goldvein,21
Royalston,21
Hilliards,21
Medford Lakes,21
Eustis,21
Trout Run,21
Rainbow Lake,21
Fletcher,21
Berrysburg,20
Harris,20
Crown,20
South Seaville,20
Caroga Lake,20
Meadowbrook,20
Youngsville,20
Erieville,20
Dornsife,20
Columbia Cross Roads,20
South Orange Village,20
Cranberry,20
Mizpah,20
Lower Mt Bethel Township,20
Core,20
Hunlock Creek,20
Colesville,20
Spring Glen,20
Pond Eddy,20
Walworth,20
Chester Gap,20
Cherryfield,20
Goldens Bridge,20
Muir,20
Panama,20
Honey Grove,20
Mapleton,20
Sugar Loaf,20
Surf City,20
Purdys,20
Chichester,20
Almond,20
Richmondville Village,20
Chester Twp,20
Upperville,20
Mineral,20
Lehighton borough,20
Blenheim,20
Three Mile Bay,19
Hallam,19
Tioga Center,19
Lake Como,19
Manns Choice,19
Carversville,19
Luthersburg,19
Plattekill,19
Milanville,19
Vowinckel,19
Brasher Falls,19
Whitesville,19
Coolbaugh Township,19
Savoy,19
Keymar,19
Ocean Beach,19
Huntington Bay,19
Swiftwater,19
Hankins,19
Monmouth Junction,19
Pottersdale,19
East Fallowfield Township,19
Corinna,19
Ellerslie,19
Glenwood Landing,19
Virginville,19
Ephratah,19
Williams Township,19
Galway,19
Minden,19
Island Falls,19
Croton Falls,19
Weems,19
Pratts,19
Middle Grove,19
Jonesboro,19
Warfordsburg,19
Richlandtown,19
Ashley,19
West Lawn,19
Royal Oak,19
Darien Center,19
Watermill,19
Williamsfield,19
Callicoon Center,19
Clermont,19
Cataumet,19
East Waterford,19
Colonie Village,19
Hunt,19
Lempster,19
Bowmansville,18
Circleville,18
Hustle,18
Douglass,18
Germansville,18
Pleasant Mount,18
Jayuya,18
North Valley Stream,18
Addisleigh Park,18
Thurman,18
Amberson,18
Brackney,18
Sabattus,18
Taghkanic,18
Cheyney,18
Rote,18
South Hero,18
Wardsboro,18
Chatham Village,18
Schaefferstown,18
Neversink,18
Thorndale,18
Westhampton Bch,18
Clarington,18
West Sayville,18
Mechanic Falls,18
Head of Harbor,18
Issue,18
Cape Vincent,18
Hortonville,18
Atlas,18
Fortescue,18
Rockton,18
Summerville,18
Turtlepoint,18
Plessis,18
Troupsburg,17
Stewartsville,17
Dewittville,17
Gallatin,17
Alma,17
Nelson,17
Secretary,17
Cape May Point,17
Amity,17
West Brandywine,17
Quinton,17
Villalba,17
Strathmere,17
Upperco,17
Cassadaga,17
Cape May Beach,17
Mount Penn,17
Jasper,17
Lake Clear,17
Glen Aubrey,17
Isle La Motte,17
Redfield,17
Brownington,17
Cayuga,17
Refton,17
Bowdoinham,17
Madison Township,17
Adams Center,17
Buckfield,17
Pompey,17
Weld,17
Townshend,17
Truxton,17
South Salem,17
New Sharon,17
Santurce,17
New Woodstock,17
Waterford Village,17
Pringle,17
Palermo,17
Sheakleyville,17
Rapidan,17
Lyman,17
Harmonsburg,17
Unity,17
Mamakating,17
Penn Forest Township,17
Wardensville,17
Wales Center,17
Newfields,17
Erin,17
Maunabo,17
Lyon Mountain,17
Yorkshire,17
Meridale,16
Reno,16
Willow Hill,16
Embden,16
Pine Township,16
Mifflin,16
Newtonville,16
Rayland,16
Grant Town,16
Maurertown,16
Stanford,16
Wallagrass,16
East Brookfield,16
Hodgdon,16
Montezuma,16
Niverville,16
Chittenden,16
Cambridge Village,16
Maryland City,16
Deering,16
Brogue,16
Swoyersville,16
Wesleyville,16
Aspers,16
Garden City Park,16
Knowlesville,16
Clifford Township,16
Van Etten,16
Lattingtown,16
Lockwood,16
Woods Hole,16
Allenwood,16
Sugar Notch,16
Hiram,16
Walnut Bottom,16
Perham,16
Upper Nazareth Township,16
New Vineyard,16
Dorothy,16
Mauricetown,16
Terre Hill,16
Millport,16
South Abington,15
Coltons Point,15
Juliustown,15
Loveville,15
Danforth,15
Hill,15
Lower Towamensing Tp,15
Rushland,15
Coles Point,15
Witherbee,15
Barclay,15
Lynch,15
Sebago,15
Woodville,15
Valley Forge,15
Newton Township,15
Baileyville,15
Ferrisburgh,15
East Allen Township,15
Georgia,15
Allenhurst,15
Glen Riddle,15
East Meredith,15
South Byron,15
Reva,15
Day,15
Peconic,15
Starrucca,15
Tusten,15
East Branch Ny,15
Salisbury Center,15
Springboro,15
Jackson Center,15
Fort Hill,15
Eastvale,15
Gardners,15
Chemung,15
Brant,15
New Suffolk,15
Cherry Creek,15
Cornwall On Hudson,15
Galway Village,15
Oldtown,15
Clifton Springs,15
Pharsalia,15
East Fishkill,15
Osceola,15
Caroga,15
Great River,15
Willet,15
Churubusco,15
Warren Center,15
Apulia Station,15
Thendara,15
Little York,14
Broome,14
Horntown,14
New Church,14
Verona Island,14
Brooks,14
Laureldale,14
Wormleysburg,14
Crapo,14
Parlin,14
Andreas,14
Gilbert,14
Harrison Valley,14
Bakersfield,14
Erwinna,14
Jobstown,14
Frye Island,14
Burghill,14
Columbia Falls,14
Gerrardstown,14
Little Genesee,14
Carmel Hamlet,14
De Peyster,14
South Colton,14
Malaga,14
Fombell,14
Fell Twp,14
Fayette,14
Hales Location,14
Minotola,14
Unityville,14
Strafford,14
Lake View Plt,14
Sabana Grande,14
Sacramento,14
Golts,14
Elizabethville,14
Eagle Bay,14
Minot,14
Cuyler,14
Clarks Green,14
Brick Township,14
Center Cross,14
Starks,13
Belle Terre,13
Verbank,13
Dunnsville,13
Fell Township,13
Deferiet,13
Sorrento,13
Readfield,13
Old Mill Basin,13
New Hamburg,13
Par Troy Hills Township,13
Cooksburg,13
Denmark,13
North Abington Township,13
South Mountain,13
South Sterling,13
Sweden,13
New Canada,13
Roseboom,13
Brooksville,13
Saint Johnsville Village,13
Sanatoga,13
Penobscot,13
East Greenwich Township,13
West Wildwood,13
Morrill,13
Woodlynne,13
Savannah,13
Erie Pa,13
Lanham Seabrook,13
Fort Covington,13
Port Trevorton,13
Betterton,13
Preble,13
Mattydale,13
Milmont Park,13
Frenchboro,13
Shunk,13
Economy,13
Orchard Beach,13
Woodhull,13
Parsonsburg,13
Charlotteville,13
Guys Mills,13
Oswayo,13
Garrett,13
Port Elizabeth,13
Maine,13
Lyndeborough,13
Patterson Heights,13
West Wyoming,13
Beals,12
Lemasters,12
Pocono Township,12
North Bangor,12
Kinsman,12
Bernhards Bay,12
Broadalbin Village,12
Piseco,12
Warrior Run,12
Wright,12
Catlett,12
Genoa,12
Espyville,12
Ledgewood,12
Lignum,12
Rutledge,12
Speculator,12
East Springfield,12
Chenango Bridge,12
Crosswicks,12
Ellisburg,12
West Collingswood,12
North Truro,12
Phelps,12
Hampton Falls,12
Brightwood,12
Trevose,12
Stoney Beach,12
Rockaway Beach,12
Waterport,12
Clearwater Beach,12
Toughkenamon,12
Haywood,12
Phillipston,12
Luzerne County,12
Woodlawn,12
Valley Lee,12
Loch Arbour Village,12
Heuvelton,12
Tyringham,12
Bishopville,12
Nineveh,12
Roslyn Estates,12
Dummer,12
Roslyn Harbor,11
Robbinston,11
Sabinsville,11
Basye,11
Wilkes Barre Township,11
Milbridge,11
Millers,11
Patterson Township,11
Merrill,11
Oppenheim,11
Shushan,11
Savona,11
Tyaskin,11
Toms River Township,11
Mercerville,11
Grand Lake Stream,11
Markleysburg,11
Dennisville,11
Townbank,11
Woolrich,11
Cheswold,11
Lakehurst,11
Bear Creek,11
Mount Washington,11
Upper Freehold,11
Perrineville,11
West Collingswood Heights,11
Fork,11
Mocanaqua,11
Passadumkeag,11
North New Hyde Park,11
Ross Township,11
Lloyd Neck,11
Short Gap,11
McCoole,11
Lamoine,11
Ischua,11
Smithville Flats,11
Kill Buck,11
Centre Island,11
Harford,11
Ceiba,11
Liberty Corner,11
Madrid,11
North Hudson,11
Parsippany Troy Hills,11
Park Hall,11
Stillwater Village,11
Mystic,11
Cranesville,10
Woodgate,10
Parkman,10
Richardsville,10
Pennsylvania,10
Mill Neck,10
Steuben,10
Cross Fork,10
Sanitaria Springs,10
New Freeport,10
Sumner,10
West Paris,10
Venice Center,10
Saint Agatha,10
Oswegatchie,10
Wade,10
Vermontville,10
Linkwood,10
Aroda,10
White Stone,10
Tylerton,10
East Amwell,10
Bournedale,10
Solebury,10
Monument Beach,10
Barnegat Light,10
Nuangola,10
South Harrison Township,10
Gore,10
Clear Brook,10
Buena,10
West Liberty,10
Sandy Point,10
Belleplain,10
Paeonian Springs,10
Readington,10
East York,10
Upper Dublin,10
Mattawamkeag,10
Popponesset Island,10
New Monmouth,10
Glen Park,10
Isle Au Haut,9
Salineville,9
Wicomico Church,9
Dillonvale,9
Lovell,9
Westmanland,9
East Moxie Township,9
Argyle Township,9
Hundred,9
Great Bend,9
Tiltonsville,9
South Cheektowaga,9
Chance,9
Shinnston,9
Remsen Village,9
Stacyville,9
Philippi,9
North Rose,9
Alder Creek,9
Adamsville,9
Little Orleans,9
Keswick,9
Fine,9
Strausstown,9
Yatesville,9
Old Field,9
Middleburgh Village,9
Trexlertown,9
Lumberton Township,9
Fairless Hills,9
Lacey,9
Landing,9
Kidder Township South,9
Birchrunville,9
Gloucester Township,9
McKnightstown,9
Pottersville,9
Paul Smiths,9
Ray Brook,9
Stafford Township,9
Piercefield,9
East New York,9
Duboistown,9
Oak Beach,9
Caswell,9
Onchiota,9
Willards,9
Lake Success,9
Eggertsville,8
Beddington,8
T1 R9 Wels,8
Thornhurst,8
Mount Storm,8
Goldsboro,8
Cherry Grove,8
Halesite,8
Middleville,8
Inlet,8
Buckhannon,8
Fredon,8
South New Berlin,8
Glen,8
Mount Cobb,8
Dorchester,8
Deptford Township,8
South Richmond Hill,8
Aylett,8
Partlow,8
Totowa Boro,8
Fairfield Twp,8
DeKalb Junction,8
Berkeley Heights,8
Primos,8
Point Pleasant Boro,8
Lackawanna County,8
Conneautville,8
Farmdale,8
Clintonville,8
West Easton,8
South Orange,8
Chase Mills,8
Tompkins,8
Port Penn,8
Lawrence Park,8
Loganville,8
Whitneyville,8
New Sweden,8
Slate Run,8
Hannawa Falls,8
Capon Bridge,8
Bendersville,8
Whitehouse Station,8
Vincentown,8
Empire,8
Roulette,8
Eldora,8
Masury,8
Cameron,8
Urbanna,8
Parishville,8
Levels,8
Broomes Island,8
Blaine,8
Chatsworth,8
North Bend,8
German Flatts,8
Chilmark,8
Upper Saint Regis,7
Barrackville,7
Skytop,7
Springtown,7
Rensselaer Falls,7
Gilgo Beach,7
Portage Lake,7
Newell,7
Ovid,7
State Line,7
Morris Township,7
Stark,7
McKean,7
Concord Township,7
Caret,7
Lewis,7
Glen Easton,7
Olcott,7
Oberlin,7
Black Creek,7
Kenton,7
Fort Johnson,7
Brandy Station,7
Chesilhurst,7
Cummaquid,7
Hagaman,7
Tiona,7
T3 Indian Purchase Township,7
Pleasant Ridge Plt,7
East Harwich,7
Carroll,7
Grand Lake Stream Plt,7
Mountain View,7
Arthurdale,6
Mayo,6
Weisenberg Township,6
Shrewsbury Township,6
Henderson Harbor,6
Queens Village Jamaica,6
North Eastham,6
Lemington,6
Edwards,6
Fineview,6
Huntington Sta,6
Long Valley,6
Louisville,6
Mount Clare,6
Atlantique,6
Shiremanstown,6
Moira,6
T3 R9 Nwp,6
Hoffmeister,6
Arietta,6
Corinth Village,6
T3 R4 Bkp Wkr,6
Linneus,6
Caratunk,6
Haynesville,6
Egg Harbor,6
Saint Francis,6
Shinnecock Hills,6
Whaleyville,6
Toms Brook,6
Cutler,6
Machiasport,6
Gabriels,6
Chapman,6
Duane,6
Dickinson Center,6
Winterville Plt,6
Forest City Township,6
Kitzmiller,6
South Jamesport,6
Quiogue,6
District,6
Earlysville,6
Sandy River Plt,6
Potomac Falls,6
Beech Bottom,6
North Great River,6
Arden,6
Speonk,6
Slaterville Springs,6
East Vineland,5
Waterford Township,5
Mountain Lake Park,5
Ventnor City,5
Rocky Ridge,5
Fairton,5
Sperryville,5
Ohio,5
Dickinson,5
Lumberport,5
Oueens,5
Edmunds Township,5
Dennysville,5
Cathance Township,5
Greenlaw Chopping Twp,5
Rockledge,5
Belington,5
Tunnelton,5
Jamaica South,5
Windsor Heights,5
Locust,5
Brookhaven Hamlet,5
Bowerbank,5
Brookton,5
Errol,5
Eastbrook,5
Mystic Island,5
Spencertown,5
Beaver Cove,5
Moosehead Junction Township,5
Alabama,5
Delray,5
Lively,5
Yellow Spring,5
Mathias,5
Budd Lake,5
Temperanceville,5
T5 R7 Wels,5
Fieldsboro,4
Burlington City,4
Middle Township,4
Franklin Park,4
West Point,4
Sweetwater,4
Millstone Township,4
New Martinsville,4
Bass River,4
Weekstown,4
Evesham,4
Rohrersville,4
Albright,4
Westhampton Dunes,4
Jamaica Estates,4
Wallops Island,4
Ocean Bay Park,4
Queens Village North,4
Catharpin,4
Pocomoke,4
Bear Creek Township,4
Ocean Hill,4
Pittston Township,4
Baker,4
Rockwood T1 R1 Nbkp,4
Jackman,4
Marion Township,4
Crawford,4
City Line,4
East Farmingdale,4
Centennial,4
Tisbury,4
Delaware Township,4
High View,4
Culebra,4
Girdletree,3
Summit Point,3
Northeast Carry Township,3
Mayfield Village,3
Siasconset,3
Winslow Township,3
Nockamixon Township,3
Dewey Beach,3
Flatlands,3
Helena,3
South Seaside Park,3
Showell,3
Barnegat Township,3
Blue Anchor,3
Old San Juan,3
Brigantine City,3
Hazlet Township,3
Middletown Township,3
Fire Island Pines,3
Benedict,3
Saint Stephens Church,3
Franklin Township,3
Matinecock,3
Cody,3
Colerain,3
Big Pool,3
Saint John Plt,3
King William,2
Wattsville,2
Rio,2
Laneview,2
Walkerton,2
Saxis,2
Lost City,2
Mollusk,2
Merry Point,2
Dyke,2
Rio Piedras,2
Hulmeville,2
Armbrust,2
Grassy Sound,2
Normandy Beach,2
Cherry Hill Township,2
Winn,2
Manhattan,2
Lewisboro,2
Slickville,2
Nutter Fort,2
North Yarmouth,2
Hollis Center,2
Idamay,2
Dowell,2
Lost Creek,2
Phillips,2
Slanesville,2
Barrett Township,2
Erial,2
Wawarsing,1
Ruby,1
Condado,1
Malden Bridge,1
Water Island,1
Point Jefferson Vil,1
Cold Spring Hrbr,1
Oak Island,1
Ocran,1
Campbelltown,1
Wheatland,1
Timberville,1
Hall,1
Gypsy,1
Free Union,1
Volga,1
Enterprise,1
Chalkhill,1
Rowlesburg,1
East Otto,1
Pulteney,1
Quicksburg,1
Donegal,1
Rillton,1
Commodore,1
Schuyler,1
Little Plymouth,1
Bradford Pa,1
Kylertown,1
Gravesend,1
Cross River,1
Water View,1
T3 R12 Wels,1
Sinclair,1
Powellville,1
Allagash,1
T11 R4 Wels,1
T6 R1 Nbpp,1
Kenduskeag,1
Abbot,1
Detroit,1
Casanova,1
Otisfield,1
Chebeague Island,1
Aquinnah,1
Roland Park,1
Purgitsville,1
Hersey,1
Dixmont,1
Church View,1
West Belmar,1
Mattaponi,1
Bedstuy,1
Greenpoint,1
Bullville,1
King,1
Saluda,1
Lehman,1
Sabana Hoyos,1
Sunset Park,1
Stetsontown Township,1
Norridgewock,1
Parkertown Township,1
Adamstown Township,1
Lexington Township,1
Shippingport,1
